clinic_name,address,latitude,longitude,available_medicines
University Health Centre,"2500 University Dr NW, Calgary, AB",51.0773,-114.1313,"[""['Nitroglycerin', 'Aspirin', 'Beta-blockers', 'Calcium channel blockers', 'Thrombolytic drugs']"", ""['Antiretroviral drugs', 'Protease inhibitors', 'Integrase inhibitors', 'Entry inhibitors', 'Fusion inhibitors']"", ""['Antifungal Cream', 'Fluconazole', 'Terbinafine', 'Clotrimazole', 'Ketoconazole']"", ""['Antibiotics', 'Antipyretics', 'Analgesics', 'IV fluids', 'Corticosteroids']"", ""['IV fluids', 'Blood transfusions', 'Liver transplant', 'Medications for itching', 'Antiviral medications']"", ""['Proton Pump Inhibitors (PPIs)', 'H2 Blockers', 'Antacids', 'Prokinetics', 'Antibiotics']"", ""['Bronchodilators', 'Inhaled corticosteroids', 'Leukotriene modifiers', 'Mast cell stabilizers', 'Anticholinergics']"", ""['Vestibular rehabilitation', 'Canalith repositioning', 'Medications for nausea', 'Surgery', 'Home exercises']"", ""['Insulin', 'Metformin', 'Sulfonylureas', 'DPP-4 inhibitors', 'GLP-1 receptor agonists']"", ""['Blood thinners', 'Clot-dissolving medications', 'Anticonvulsants', 'Physical therapy', 'Occupational therapy']"", ""['Antibiotics', 'Urinary analgesics', 'Phenazopyridine', 'Antispasmodics', 'Probiotics']"", ""['Antibiotics', 'Isoniazid', 'Rifampin', 'Ethambutol', 'Pyrazinamide']"", ""['Antibiotics', 'Antiviral drugs', 'Antifungal drugs', 'IV fluids', 'Oxygen therapy']"", ""['Antiviral drugs', 'Pain relievers', 'IV fluids', 'Blood transfusions', 'Platelet transfusions']"", ""['Antimalarial drugs', 'Antipyretics', 'Antiemetic drugs', 'IV fluids', 'Blood transfusions']"", ""['Antibiotics', 'Pain relievers', 'Antihistamines', 'Corticosteroids', 'Topical treatments']"", ""['Pain relievers', 'Muscle relaxants', 'Physical therapy', 'Neck braces', 'Corticosteroids']"", ""['Laxatives', 'Pain relievers', 'Warm baths', 'Cold compresses', 'High-fiber diet']"", ""['Pain relievers', 'Exercise', 'Hot and cold packs', 'Joint protection', 'Physical therapy']"", ""['Levothyroxine', 'Antithyroid medications', 'Beta-blockers', 'Radioactive iodine', 'Thyroid surgery']"", ""['Analgesics', 'Triptans', 'Ergotamine derivatives', 'Preventive medications', 'Biofeedback']"", ""['Antibiotics', 'Antiemetic drugs', 'Antidiarrheal drugs', 'IV fluids', 'Probiotics']"", ""['NSAIDs', 'Disease-modifying antirheumatic drugs (DMARDs)', 'Biologics', 'Corticosteroids', 'Joint replacement surgery']"", ""['Vaccination', 'Antiviral drugs', 'IV fluids', 'Blood transfusions', 'Liver transplant']"", ""['Alcohol cessation', 'Corticosteroids', 'IV fluids', 'Liver transplant', 'Nutritional support']"", ""['Topical treatments', 'Antibiotics', 'Oral medications', 'Hormonal treatments', 'Isotretinoin']"", ""['Antithyroid medications', 'Radioactive iodine', 'Thyroid surgery', 'Beta-blockers', 'Corticosteroids']""]"
Varsity Family Clinic,"4625 Varsity Dr NW, Calgary, AB",51.0842,-114.1542,"[""['Levothyroxine', 'Antithyroid medications', 'Beta-blockers', 'Radioactive iodine', 'Thyroid surgery']"", ""['Topical antibiotics', 'Oral antibiotics', 'Antiseptics', 'Ointments', 'Warm compresses']"", ""['Antithyroid medications', 'Radioactive iodine', 'Thyroid surgery', 'Beta-blockers', 'Corticosteroids']"", ""['Insulin', 'Metformin', 'Sulfonylureas', 'DPP-4 inhibitors', 'GLP-1 receptor agonists']"", ""['Laxatives', 'Pain relievers', 'Warm baths', 'Cold compresses', 'High-fiber diet']"", ""['Antiviral drugs', 'IV fluids', 'Blood transfusions', 'Platelet transfusions', 'Liver transplant']"", ""['Antibiotics', 'Antiemetic drugs', 'Antidiarrheal drugs', 'IV fluids', 'Probiotics']"", ""['Pain relievers', 'Muscle relaxants', 'Physical therapy', 'Neck braces', 'Corticosteroids']"", ""['Antibiotics', 'Pain relievers', 'Antihistamines', 'Corticosteroids', 'Topical treatments']"", ""['Antiretroviral drugs', 'Protease inhibitors', 'Integrase inhibitors', 'Entry inhibitors', 'Fusion inhibitors']"", ""['Pain relievers', 'Exercise', 'Hot and cold packs', 'Joint protection', 'Physical therapy']"", ""['Antibiotics', 'Isoniazid', 'Rifampin', 'Ethambutol', 'Pyrazinamide']"", ""['NSAIDs', 'Disease-modifying antirheumatic drugs (DMARDs)', 'Biologics', 'Corticosteroids', 'Joint replacement surgery']"", ""['Antibiotics', 'Antipyretics', 'Analgesics', 'IV fluids', 'Corticosteroids']""]"
Brentwood Medical Centre,"3630 Brentwood Rd NW, Calgary, AB",51.0858,-114.1365,"[""['Antiretroviral drugs', 'Protease inhibitors', 'Integrase inhibitors', 'Entry inhibitors', 'Fusion inhibitors']"", ""['Levothyroxine', 'Antithyroid medications', 'Beta-blockers', 'Radioactive iodine', 'Thyroid surgery']"", ""['Pain relievers', 'Muscle relaxants', 'Physical therapy', 'Neck braces', 'Corticosteroids']"", ""['Alcohol cessation', 'Corticosteroids', 'IV fluids', 'Liver transplant', 'Nutritional support']"", ""['Antibiotics', 'Antiviral drugs', 'Antifungal drugs', 'IV fluids', 'Oxygen therapy']"", ""['Antithyroid medications', 'Radioactive iodine', 'Thyroid surgery', 'Beta-blockers', 'Corticosteroids']"", ""['NSAIDs', 'Disease-modifying antirheumatic drugs (DMARDs)', 'Biologics', 'Corticosteroids', 'Joint replacement surgery']"", ""['Antiviral drugs', 'Pain relievers', 'IV fluids', 'Blood transfusions', 'Platelet transfusions']"", ""['Pain relievers', 'Exercise', 'Hot and cold packs', 'Joint protection', 'Physical therapy']"", ""['Antifungal Cream', 'Fluconazole', 'Terbinafine', 'Clotrimazole', 'Ketoconazole']"", ""['Topical antibiotics', 'Oral antibiotics', 'Antiseptics', 'Ointments', 'Warm compresses']"", ""['Bronchodilators', 'Inhaled corticosteroids', 'Leukotriene modifiers', 'Mast cell stabilizers', 'Anticholinergics']"", ""['Topical treatments', 'Antibiotics', 'Oral medications', 'Hormonal treatments', 'Isotretinoin']"", ""['Antibiotics', 'Urinary analgesics', 'Phenazopyridine', 'Antispasmodics', 'Probiotics']"", ""['Antibiotics', 'Isoniazid', 'Rifampin', 'Ethambutol', 'Pyrazinamide']"", ""['IV fluids', 'Blood transfusions', 'Liver transplant', 'Medications for itching', 'Antiviral medications']"", ""['Antiviral drugs', 'IV fluids', 'Blood transfusions', 'Platelet transfusions', 'Liver transplant']"", ""['Proton Pump Inhibitors (PPIs)', 'H2 Blockers', 'Antacids', 'Prokinetics', 'Antibiotics']"", ""['Analgesics', 'Triptans', 'Ergotamine derivatives', 'Preventive medications', 'Biofeedback']"", ""['Vaccination', 'Antiviral drugs', 'IV fluids', 'Blood transfusions', 'Liver transplant']"", ""['Topical treatments', 'Phototherapy', 'Systemic medications', 'Biologics', 'Coal tar']"", ""['Antibiotics', 'Antiemetic drugs', 'Antidiarrheal drugs', 'IV fluids', 'Probiotics']"", ""['Antibiotics', 'Antipyretics', 'Analgesics', 'IV fluids', 'Corticosteroids']"", ""['Antihypertensive medications', 'Diuretics', 'Beta-blockers', 'ACE inhibitors', 'Calcium channel blockers']"", ""['Ursodeoxycholic acid', 'Cholestyramine', 'Methotrexate', 'Corticosteroids', 'Liver transplant']"", ""['Vestibular rehabilitation', 'Canalith repositioning', 'Medications for nausea', 'Surgery', 'Home exercises']"", ""['Antihistamines', 'Epinephrine', 'Corticosteroids', 'Antibiotics', 'Antifungal Cream']"", ""['Nitroglycerin', 'Aspirin', 'Beta-blockers', 'Calcium channel blockers', 'Thrombolytic drugs']"", ""['Antipyretics', 'Decongestants', 'Cough suppressants', 'Antihistamines', 'Pain relievers']"", ""['Antihistamines', 'Decongestants', 'Epinephrine', 'Corticosteroids', 'Immunotherapy']""]"
Foothills Medical Clinic,"1403 29 St NW, Calgary, AB",51.0668,-114.1345,"[""['Insulin', 'Metformin', 'Sulfonylureas', 'DPP-4 inhibitors', 'GLP-1 receptor agonists']"", ""['Laxatives', 'Pain relievers', 'Warm baths', 'Cold compresses', 'High-fiber diet']"", ""['IV fluids', 'Blood transfusions', 'Liver transplant', 'Medications for itching', 'Antiviral medications']"", ""['Compression stockings', 'Exercise', 'Elevating the legs', 'Sclerotherapy', 'Laser treatments']"", ""['Antibiotics', 'Antiemetic drugs', 'Antidiarrheal drugs', 'IV fluids', 'Probiotics']"", ""['Pain relievers', 'Exercise', 'Hot and cold packs', 'Joint protection', 'Physical therapy']"", ""['Analgesics', 'Triptans', 'Ergotamine derivatives', 'Preventive medications', 'Biofeedback']"", ""['Bronchodilators', 'Inhaled corticosteroids', 'Leukotriene modifiers', 'Mast cell stabilizers', 'Anticholinergics']"", ""['Antiviral drugs', 'Pain relievers', 'IV fluids', 'Blood transfusions', 'Platelet transfusions']"", ""['Antibiotics', 'Pain relievers', 'Antihistamines', 'Corticosteroids', 'Topical treatments']"", ""['Antithyroid medications', 'Radioactive iodine', 'Thyroid surgery', 'Beta-blockers', 'Corticosteroids']""]"
North Hill Medical Centre,"1632 14 Ave NW, Calgary, AB",51.0675,-114.1043,"[""['Vaccination', 'Antiviral drugs', 'IV fluids', 'Blood transfusions', 'Liver transplant']"", ""['Ursodeoxycholic acid', 'Cholestyramine', 'Methotrexate', 'Corticosteroids', 'Liver transplant']"", ""['Antiretroviral drugs', 'Protease inhibitors', 'Integrase inhibitors', 'Entry inhibitors', 'Fusion inhibitors']"", ""['Antibiotics', 'Antiviral drugs', 'Antifungal drugs', 'IV fluids', 'Oxygen therapy']"", ""['Insulin', 'Metformin', 'Sulfonylureas', 'DPP-4 inhibitors', 'GLP-1 receptor agonists']"", ""['Blood thinners', 'Clot-dissolving medications', 'Anticonvulsants', 'Physical therapy', 'Occupational therapy']"", ""['Alcohol cessation', 'Corticosteroids', 'IV fluids', 'Liver transplant', 'Nutritional support']"", ""['Antibiotics', 'Proton Pump Inhibitors (PPIs)', 'H2 Blockers', 'Antacids', 'Cytoprotective agents']"", ""['Topical treatments', 'Phototherapy', 'Systemic medications', 'Biologics', 'Coal tar']"", ""['Antihistamines', 'Decongestants', 'Epinephrine', 'Corticosteroids', 'Immunotherapy']"", ""['Antibiotics', 'Antipyretics', 'Analgesics', 'IV fluids', 'Corticosteroids']"", ""['Compression stockings', 'Exercise', 'Elevating the legs', 'Sclerotherapy', 'Laser treatments']"", ""['Antibiotics', 'Antiemetic drugs', 'Antidiarrheal drugs', 'IV fluids', 'Probiotics']"", ""['Antifungal Cream', 'Fluconazole', 'Terbinafine', 'Clotrimazole', 'Ketoconazole']"", ""['Antihypertensive medications', 'Diuretics', 'Beta-blockers', 'ACE inhibitors', 'Calcium channel blockers']"", ""['Antimalarial drugs', 'Antipyretics', 'Antiemetic drugs', 'IV fluids', 'Blood transfusions']"", ""['Vestibular rehabilitation', 'Canalith repositioning', 'Medications for nausea', 'Surgery', 'Home exercises']"", ""['Antithyroid medications', 'Radioactive iodine', 'Thyroid surgery', 'Beta-blockers', 'Corticosteroids']"", ""['Pain relievers', 'Muscle relaxants', 'Physical therapy', 'Neck braces', 'Corticosteroids']"", ""['Antiviral drugs', 'IV fluids', 'Blood transfusions', 'Platelet transfusions', 'Liver transplant']"", ""['Levothyroxine', 'Antithyroid medications', 'Beta-blockers', 'Radioactive iodine', 'Thyroid surgery']"", ""['Antibiotics', 'Pain relievers', 'Antihistamines', 'Corticosteroids', 'Topical treatments']""]"
Montgomery Medical Clinic,"4525 Monterey Ave NW, Calgary, AB",51.0753,-114.1691,"[""['Antiviral drugs', 'IV fluids', 'Blood transfusions', 'Platelet transfusions', 'Liver transplant']"", ""['Antibiotics', 'Urinary analgesics', 'Phenazopyridine', 'Antispasmodics', 'Probiotics']"", ""['Vestibular rehabilitation', 'Canalith repositioning', 'Medications for nausea', 'Surgery', 'Home exercises']"", ""['Analgesics', 'Triptans', 'Ergotamine derivatives', 'Preventive medications', 'Biofeedback']"", ""['Antipyretics', 'Decongestants', 'Cough suppressants', 'Antihistamines', 'Pain relievers']"", ""['Antibiotics', 'Antiviral drugs', 'Antifungal drugs', 'IV fluids', 'Oxygen therapy']"", ""['Antifungal Cream', 'Fluconazole', 'Terbinafine', 'Clotrimazole', 'Ketoconazole']"", ""['Proton Pump Inhibitors (PPIs)', 'H2 Blockers', 'Antacids', 'Prokinetics', 'Antibiotics']"", ""['Levothyroxine', 'Antithyroid medications', 'Beta-blockers', 'Radioactive iodine', 'Thyroid surgery']"", ""['Pain relievers', 'Muscle relaxants', 'Physical therapy', 'Neck braces', 'Corticosteroids']"", ""['Antimalarial drugs', 'Antipyretics', 'Antiemetic drugs', 'IV fluids', 'Blood transfusions']"", ""['NSAIDs', 'Disease-modifying antirheumatic drugs (DMARDs)', 'Biologics', 'Corticosteroids', 'Joint replacement surgery']"", ""['Topical treatments', 'Phototherapy', 'Systemic medications', 'Biologics', 'Coal tar']"", ""['Antibiotics', 'Antiemetic drugs', 'Antidiarrheal drugs', 'IV fluids', 'Probiotics']"", ""['Pain relievers', 'Exercise', 'Hot and cold packs', 'Joint protection', 'Physical therapy']"", ""['Compression stockings', 'Exercise', 'Elevating the legs', 'Sclerotherapy', 'Laser treatments']"", ""['Antibiotics', 'Proton Pump Inhibitors (PPIs)', 'H2 Blockers', 'Antacids', 'Cytoprotective agents']"", ""['Laxatives', 'Pain relievers', 'Warm baths', 'Cold compresses', 'High-fiber diet']""]"
Market Mall Medical Centre,"3625 Shaganappi Trail NW, Calgary, AB",51.0848,-114.1539,"[""['Bronchodilators', 'Inhaled corticosteroids', 'Leukotriene modifiers', 'Mast cell stabilizers', 'Anticholinergics']"", ""['Proton Pump Inhibitors (PPIs)', 'H2 Blockers', 'Antacids', 'Prokinetics', 'Antibiotics']"", ""['Antipyretics', 'Decongestants', 'Cough suppressants', 'Antihistamines', 'Pain relievers']"", ""['Pain relievers', 'Exercise', 'Hot and cold packs', 'Joint protection', 'Physical therapy']"", ""['Antifungal Cream', 'Fluconazole', 'Terbinafine', 'Clotrimazole', 'Ketoconazole']"", ""['Vaccination', 'Antiviral drugs', 'IV fluids', 'Blood transfusions', 'Liver transplant']"", ""['Antithyroid medications', 'Radioactive iodine', 'Thyroid surgery', 'Beta-blockers', 'Corticosteroids']"", ""['Antibiotics', 'Antiviral drugs', 'Antifungal drugs', 'IV fluids', 'Oxygen therapy']"", ""['Insulin', 'Metformin', 'Sulfonylureas', 'DPP-4 inhibitors', 'GLP-1 receptor agonists']"", ""['Antibiotics', 'Isoniazid', 'Rifampin', 'Ethambutol', 'Pyrazinamide']"", ""['Alcohol cessation', 'Corticosteroids', 'IV fluids', 'Liver transplant', 'Nutritional support']"", ""['Levothyroxine', 'Antithyroid medications', 'Beta-blockers', 'Radioactive iodine', 'Thyroid surgery']"", ""['Antihistamines', 'Epinephrine', 'Corticosteroids', 'Antibiotics', 'Antifungal Cream']"", ""['Glucose tablets', 'Candy or juice', 'Glucagon injection', 'IV dextrose', 'Diazoxide']"", ""['Topical treatments', 'Antibiotics', 'Oral medications', 'Hormonal treatments', 'Isotretinoin']"", ""['NSAIDs', 'Disease-modifying antirheumatic drugs (DMARDs)', 'Biologics', 'Corticosteroids', 'Joint replacement surgery']"", ""['Ursodeoxycholic acid', 'Cholestyramine', 'Methotrexate', 'Corticosteroids', 'Liver transplant']"", ""['Antibiotics', 'Urinary analgesics', 'Phenazopyridine', 'Antispasmodics', 'Probiotics']"", ""['Antibiotics', 'Proton Pump Inhibitors (PPIs)', 'H2 Blockers', 'Antacids', 'Cytoprotective agents']""]"
Kensington Medical Clinic,"401 10 St NW, Calgary, AB",51.0542,-114.0853,"[""['IV fluids', 'Blood transfusions', 'Liver transplant', 'Medications for itching', 'Antiviral medications']"", ""['Antibiotics', 'Pain relievers', 'Antihistamines', 'Corticosteroids', 'Topical treatments']"", ""['Antipyretics', 'Decongestants', 'Cough suppressants', 'Antihistamines', 'Pain relievers']"", ""['Antibiotics', 'Isoniazid', 'Rifampin', 'Ethambutol', 'Pyrazinamide']"", ""['Antibiotics', 'Urinary analgesics', 'Phenazopyridine', 'Antispasmodics', 'Probiotics']"", ""['Nitroglycerin', 'Aspirin', 'Beta-blockers', 'Calcium channel blockers', 'Thrombolytic drugs']"", ""['Antibiotics', 'Antiviral drugs', 'Antifungal drugs', 'IV fluids', 'Oxygen therapy']"", ""['Antihypertensive medications', 'Diuretics', 'Beta-blockers', 'ACE inhibitors', 'Calcium channel blockers']"", ""['Topical treatments', 'Phototherapy', 'Systemic medications', 'Biologics', 'Coal tar']"", ""['Proton Pump Inhibitors (PPIs)', 'H2 Blockers', 'Antacids', 'Prokinetics', 'Antibiotics']"", ""['Antibiotics', 'Antipyretics', 'Analgesics', 'IV fluids', 'Corticosteroids']"", ""['Levothyroxine', 'Antithyroid medications', 'Beta-blockers', 'Radioactive iodine', 'Thyroid surgery']"", ""['Vaccination', 'Antiviral drugs', 'IV fluids', 'Blood transfusions', 'Liver transplant']"", ""['Ursodeoxycholic acid', 'Cholestyramine', 'Methotrexate', 'Corticosteroids', 'Liver transplant']"", ""['Antibiotics', 'Antiemetic drugs', 'Antidiarrheal drugs', 'IV fluids', 'Probiotics']"", ""['Antihistamines', 'Decongestants', 'Epinephrine', 'Corticosteroids', 'Immunotherapy']"", ""['Analgesics', 'Triptans', 'Ergotamine derivatives', 'Preventive medications', 'Biofeedback']"", ""['Antimalarial drugs', 'Antipyretics', 'Antiemetic drugs', 'IV fluids', 'Blood transfusions']"", ""['Compression stockings', 'Exercise', 'Elevating the legs', 'Sclerotherapy', 'Laser treatments']"", ""['Antihistamines', 'Epinephrine', 'Corticosteroids', 'Antibiotics', 'Antifungal Cream']"", ""['Vestibular rehabilitation', 'Canalith repositioning', 'Medications for nausea', 'Surgery', 'Home exercises']"", ""['Antiretroviral drugs', 'Protease inhibitors', 'Integrase inhibitors', 'Entry inhibitors', 'Fusion inhibitors']""]"
Banff Trail Medical,"2000 Crowchild Trail NW, Calgary, AB",51.0695,-114.1221,"[""['Antibiotics', 'Isoniazid', 'Rifampin', 'Ethambutol', 'Pyrazinamide']"", ""['Pain relievers', 'Exercise', 'Hot and cold packs', 'Joint protection', 'Physical therapy']"", ""['Antihistamines', 'Epinephrine', 'Corticosteroids', 'Antibiotics', 'Antifungal Cream']"", ""['Antithyroid medications', 'Radioactive iodine', 'Thyroid surgery', 'Beta-blockers', 'Corticosteroids']"", ""['Levothyroxine', 'Antithyroid medications', 'Beta-blockers', 'Radioactive iodine', 'Thyroid surgery']"", ""['Laxatives', 'Pain relievers', 'Warm baths', 'Cold compresses', 'High-fiber diet']"", ""['Ursodeoxycholic acid', 'Cholestyramine', 'Methotrexate', 'Corticosteroids', 'Liver transplant']"", ""['Vestibular rehabilitation', 'Canalith repositioning', 'Medications for nausea', 'Surgery', 'Home exercises']"", ""['Antimalarial drugs', 'Antipyretics', 'Antiemetic drugs', 'IV fluids', 'Blood transfusions']"", ""['Topical treatments', 'Antibiotics', 'Oral medications', 'Hormonal treatments', 'Isotretinoin']""]"
Riley Park Health Centre,"1403 29 St NW, Calgary, AB",51.0678,-114.1348,"[""['Ursodeoxycholic acid', 'Cholestyramine', 'Methotrexate', 'Corticosteroids', 'Liver transplant']"", ""['Antihistamines', 'Epinephrine', 'Corticosteroids', 'Antibiotics', 'Antifungal Cream']"", ""['Antiviral drugs', 'Pain relievers', 'IV fluids', 'Blood transfusions', 'Platelet transfusions']"", ""['Antibiotics', 'Antiemetic drugs', 'Antidiarrheal drugs', 'IV fluids', 'Probiotics']"", ""['IV fluids', 'Blood transfusions', 'Liver transplant', 'Medications for itching', 'Antiviral medications']"", ""['Analgesics', 'Triptans', 'Ergotamine derivatives', 'Preventive medications', 'Biofeedback']"", ""['Antibiotics', 'Antipyretics', 'Analgesics', 'IV fluids', 'Corticosteroids']"", ""['Antihypertensive medications', 'Diuretics', 'Beta-blockers', 'ACE inhibitors', 'Calcium channel blockers']"", ""['Vaccination', 'Antiviral drugs', 'IV fluids', 'Blood transfusions', 'Liver transplant']"", ""['Blood thinners', 'Clot-dissolving medications', 'Anticonvulsants', 'Physical therapy', 'Occupational therapy']""]"
Dalhousie Station Medical Clinic,"5005 Dalhousie Dr NW, Calgary, AB",51.1013,-114.1594,"[""['Levothyroxine', 'Antithyroid medications', 'Beta-blockers', 'Radioactive iodine', 'Thyroid surgery']"", ""['Alcohol cessation', 'Corticosteroids', 'IV fluids', 'Liver transplant', 'Nutritional support']"", ""['Topical antibiotics', 'Oral antibiotics', 'Antiseptics', 'Ointments', 'Warm compresses']"", ""['Proton Pump Inhibitors (PPIs)', 'H2 Blockers', 'Antacids', 'Prokinetics', 'Antibiotics']"", ""['Nitroglycerin', 'Aspirin', 'Beta-blockers', 'Calcium channel blockers', 'Thrombolytic drugs']"", ""['Antihistamines', 'Epinephrine', 'Corticosteroids', 'Antibiotics', 'Antifungal Cream']"", ""['Antifungal Cream', 'Fluconazole', 'Terbinafine', 'Clotrimazole', 'Ketoconazole']"", ""['Compression stockings', 'Exercise', 'Elevating the legs', 'Sclerotherapy', 'Laser treatments']"", ""['Antithyroid medications', 'Radioactive iodine', 'Thyroid surgery', 'Beta-blockers', 'Corticosteroids']"", ""['Antiviral drugs', 'IV fluids', 'Blood transfusions', 'Platelet transfusions', 'Liver transplant']"", ""['IV fluids', 'Blood transfusions', 'Liver transplant', 'Medications for itching', 'Antiviral medications']"", ""['Antipyretics', 'Decongestants', 'Cough suppressants', 'Antihistamines', 'Pain relievers']"", ""['Pain relievers', 'Muscle relaxants', 'Physical therapy', 'Neck braces', 'Corticosteroids']"", ""['Antihistamines', 'Decongestants', 'Epinephrine', 'Corticosteroids', 'Immunotherapy']"", ""['Antibiotics', 'Isoniazid', 'Rifampin', 'Ethambutol', 'Pyrazinamide']""]"
Crowfoot Village Family Practice,"60 Crowfoot Crescent NW, Calgary, AB",51.1249,-114.2013,"[""['Topical antibiotics', 'Oral antibiotics', 'Antiseptics', 'Ointments', 'Warm compresses']"", ""['Antibiotics', 'Urinary analgesics', 'Phenazopyridine', 'Antispasmodics', 'Probiotics']"", ""['Antibiotics', 'Antiviral drugs', 'Antifungal drugs', 'IV fluids', 'Oxygen therapy']"", ""['Antifungal Cream', 'Fluconazole', 'Terbinafine', 'Clotrimazole', 'Ketoconazole']"", ""['Topical treatments', 'Phototherapy', 'Systemic medications', 'Biologics', 'Coal tar']"", ""['Antipyretics', 'Decongestants', 'Cough suppressants', 'Antihistamines', 'Pain relievers']"", ""['Antihypertensive medications', 'Diuretics', 'Beta-blockers', 'ACE inhibitors', 'Calcium channel blockers']"", ""['Antiviral drugs', 'Pain relievers', 'IV fluids', 'Blood transfusions', 'Platelet transfusions']"", ""['Glucose tablets', 'Candy or juice', 'Glucagon injection', 'IV dextrose', 'Diazoxide']"", ""['Alcohol cessation', 'Corticosteroids', 'IV fluids', 'Liver transplant', 'Nutritional support']"", ""['Antihistamines', 'Decongestants', 'Epinephrine', 'Corticosteroids', 'Immunotherapy']"", ""['Insulin', 'Metformin', 'Sulfonylureas', 'DPP-4 inhibitors', 'GLP-1 receptor agonists']"", ""['Vestibular rehabilitation', 'Canalith repositioning', 'Medications for nausea', 'Surgery', 'Home exercises']""]"
